<application>
  <component name="ProjectJdkTable">
    <jdk version="2">
      <name value="Python 3.8 (Python1)" />
      <type value="Python SDK" />
      <version value="Python 3.8.1" />
      <homePath value="$USER_HOME$/PycharmProjects/Python1/venv/bin/python" />
      <roots>
        <classPath>
          <root type="composite">
            <root url="file:///Library/Frameworks/Python.framework/Versions/3.8/lib/python3.8" type="simple" />
            <root url="file:///Library/Frameworks/Python.framework/Versions/3.8/lib/python3.8/lib-dynload" type="simple" />
            <root url="file://$USER_HOME$/PycharmProjects/Python1/venv/lib/python3.8/site-packages" type="simple" />
            <root url="jar://$USER_HOME$/PycharmProjects/Python1/venv/lib/python3.8/site-packages/setuptools-40.8.0-py3.8.egg!/" type="simple" />
            <root url="file://$USER_HOME$/PycharmProjects/Python1/venv/lib/python3.8/site-packages/pip-19.0.3-py3.8.egg" type="simple" />
            <root url="file://$USER_HOME$/Library/Caches/PyCharmCE2019.3/python_stubs/142384467" type="simple" />
            <root url="file://$APPLICATION_HOME_DIR$/plugins/python-ce/helpers/python-skeletons" type="simple" />
            <root url="file://$APPLICATION_HOME_DIR$/plugins/python-ce/helpers/typeshed/stdlib/3" type="simple" />
            <root url="file://$APPLICATION_HOME_DIR$/plugins/python-ce/helpers/typeshed/stdlib/2and3" type="simple" />
            <root url="file://$APPLICATION_HOME_DIR$/plugins/python-ce/helpers/typeshed/third_party/3" type="simple" />
            <root url="file://$APPLICATION_HOME_DIR$/plugins/python-ce/helpers/typeshed/third_party/2and3" type="simple" />
          </root>
        </classPath>
        <sourcePath>
          <root type="composite" />
        </sourcePath>
      </roots>
      <additional ASSOCIATED_PROJECT_PATH="$USER_HOME$/PycharmProjects/Python1" />
    </jdk>
    <jdk version="2">
      <name value="Python 3.8 (untitled)" />
      <type value="Python SDK" />
      <version value="Python 3.8.1" />
      <homePath value="$USER_HOME$/PycharmProjects/untitled/venv/bin/python" />
      <roots>
        <classPath>
          <root type="composite">
            <root url="file:///Library/Frameworks/Python.framework/Versions/3.8/lib/python3.8" type="simple" />
            <root url="file:///Library/Frameworks/Python.framework/Versions/3.8/lib/python3.8/lib-dynload" type="simple" />
            <root url="file://$USER_HOME$/PycharmProjects/untitled/venv/lib/python3.8/site-packages" type="simple" />
            <root url="jar://$USER_HOME$/PycharmProjects/untitled/venv/lib/python3.8/site-packages/setuptools-40.8.0-py3.8.egg!/" type="simple" />
            <root url="file://$USER_HOME$/PycharmProjects/untitled/venv/lib/python3.8/site-packages/pip-19.0.3-py3.8.egg" type="simple" />
            <root url="file://$USER_HOME$/Library/Caches/PyCharmCE2019.3/python_stubs/-689647935" type="simple" />
            <root url="file://$APPLICATION_HOME_DIR$/plugins/python-ce/helpers/python-skeletons" type="simple" />
            <root url="file://$APPLICATION_HOME_DIR$/plugins/python-ce/helpers/typeshed/stdlib/3" type="simple" />
            <root url="file://$APPLICATION_HOME_DIR$/plugins/python-ce/helpers/typeshed/stdlib/2and3" type="simple" />
            <root url="file://$APPLICATION_HOME_DIR$/plugins/python-ce/helpers/typeshed/third_party/3" type="simple" />
            <root url="file://$APPLICATION_HOME_DIR$/plugins/python-ce/helpers/typeshed/third_party/2and3" type="simple" />
          </root>
        </classPath>
        <sourcePath>
          <root type="composite" />
        </sourcePath>
      </roots>
      <additional ASSOCIATED_PROJECT_PATH="$USER_HOME$/PycharmProjects/untitled" />
    </jdk>
    <jdk version="2">
      <name value="Python 3.8 (untitled1)" />
      <type value="Python SDK" />
      <version value="Python 3.8.1" />
      <homePath value="$USER_HOME$/PycharmProjects/untitled1/venv/bin/python" />
      <roots>
        <classPath>
          <root type="composite">
            <root url="file:///Library/Frameworks/Python.framework/Versions/3.8/lib/python3.8" type="simple" />
            <root url="file:///Library/Frameworks/Python.framework/Versions/3.8/lib/python3.8/lib-dynload" type="simple" />
            <root url="file://$USER_HOME$/PycharmProjects/untitled1/venv/lib/python3.8/site-packages" type="simple" />
            <root url="jar://$USER_HOME$/PycharmProjects/untitled1/venv/lib/python3.8/site-packages/setuptools-40.8.0-py3.8.egg!/" type="simple" />
            <root url="file://$USER_HOME$/PycharmProjects/untitled1/venv/lib/python3.8/site-packages/pip-19.0.3-py3.8.egg" type="simple" />
            <root url="file://$USER_HOME$/Library/Caches/PyCharmCE2019.3/python_stubs/-1568395190" type="simple" />
            <root url="file://$APPLICATION_HOME_DIR$/plugins/python-ce/helpers/python-skeletons" type="simple" />
            <root url="file://$APPLICATION_HOME_DIR$/plugins/python-ce/helpers/typeshed/stdlib/3" type="simple" />
            <root url="file://$APPLICATION_HOME_DIR$/plugins/python-ce/helpers/typeshed/stdlib/2and3" type="simple" />
            <root url="file://$APPLICATION_HOME_DIR$/plugins/python-ce/helpers/typeshed/third_party/3" type="simple" />
            <root url="file://$APPLICATION_HOME_DIR$/plugins/python-ce/helpers/typeshed/third_party/2and3" type="simple" />
          </root>
        </classPath>
        <sourcePath>
          <root type="composite" />
        </sourcePath>
      </roots>
      <additional ASSOCIATED_PROJECT_PATH="$USER_HOME$/PycharmProjects/untitled1" />
    </jdk>
    <jdk version="2">
      <name value="Python 3.8 (Imageclassifier)" />
      <type value="Python SDK" />
      <version value="Python 3.8.1" />
      <homePath value="$USER_HOME$/PycharmProjects/Imageclassifier/venv/bin/python" />
      <roots>
        <classPath>
          <root type="composite">
            <root url="file:///Library/Frameworks/Python.framework/Versions/3.8/lib/python3.8" type="simple" />
            <root url="file:///Library/Frameworks/Python.framework/Versions/3.8/lib/python3.8/lib-dynload" type="simple" />
            <root url="file://$USER_HOME$/PycharmProjects/Imageclassifier/venv/lib/python3.8/site-packages" type="simple" />
            <root url="jar://$USER_HOME$/PycharmProjects/Imageclassifier/venv/lib/python3.8/site-packages/setuptools-40.8.0-py3.8.egg!/" type="simple" />
            <root url="file://$USER_HOME$/Library/Caches/PyCharmCE2019.3/python_stubs/1201287482" type="simple" />
            <root url="file://$APPLICATION_HOME_DIR$/plugins/python-ce/helpers/python-skeletons" type="simple" />
            <root url="file://$APPLICATION_HOME_DIR$/plugins/python-ce/helpers/typeshed/stdlib/3" type="simple" />
            <root url="file://$APPLICATION_HOME_DIR$/plugins/python-ce/helpers/typeshed/stdlib/2and3" type="simple" />
            <root url="file://$APPLICATION_HOME_DIR$/plugins/python-ce/helpers/typeshed/third_party/3" type="simple" />
            <root url="file://$APPLICATION_HOME_DIR$/plugins/python-ce/helpers/typeshed/third_party/2and3" type="simple" />
          </root>
        </classPath>
        <sourcePath>
          <root type="composite" />
        </sourcePath>
      </roots>
      <additional ASSOCIATED_PROJECT_PATH="$USER_HOME$/PycharmProjects/Imageclassifier" />
    </jdk>
    <jdk version="2">
      <name value="Python 3.8" />
      <type value="Python SDK" />
      <version value="Python 3.8.1" />
      <homePath value="/usr/local/bin/python3.8" />
      <roots>
        <classPath>
          <root type="composite">
            <root url="file:///Library/Frameworks/Python.framework/Versions/3.8/lib/python3.8" type="simple" />
            <root url="file:///Library/Frameworks/Python.framework/Versions/3.8/lib/python3.8/lib-dynload" type="simple" />
            <root url="file://$USER_HOME$/Library/Python/3.8/lib/python/site-packages" type="simple" />
            <root url="file:///Library/Frameworks/Python.framework/Versions/3.8/lib/python3.8/site-packages" type="simple" />
            <root url="file://$USER_HOME$/Library/Caches/PyCharmCE2019.3/python_stubs/-1199943125" type="simple" />
            <root url="file://$APPLICATION_HOME_DIR$/plugins/python-ce/helpers/python-skeletons" type="simple" />
            <root url="file://$APPLICATION_HOME_DIR$/plugins/python-ce/helpers/typeshed/stdlib/3" type="simple" />
            <root url="file://$APPLICATION_HOME_DIR$/plugins/python-ce/helpers/typeshed/stdlib/2and3" type="simple" />
            <root url="file://$APPLICATION_HOME_DIR$/plugins/python-ce/helpers/typeshed/third_party/3" type="simple" />
            <root url="file://$APPLICATION_HOME_DIR$/plugins/python-ce/helpers/typeshed/third_party/2and3" type="simple" />
          </root>
        </classPath>
        <sourcePath>
          <root type="composite" />
        </sourcePath>
      </roots>
      <additional />
    </jdk>
    <jdk version="2">
      <name value="Python 3.8 (new)" />
      <type value="Python SDK" />
      <version value="Python 3.8.1" />
      <homePath value="$USER_HOME$/PycharmProjects/new/venv/bin/python" />
      <roots>
        <classPath>
          <root type="composite">
            <root url="file:///Library/Frameworks/Python.framework/Versions/3.8/lib/python3.8" type="simple" />
            <root url="file:///Library/Frameworks/Python.framework/Versions/3.8/lib/python3.8/lib-dynload" type="simple" />
            <root url="file://$USER_HOME$/PycharmProjects/new/venv/lib/python3.8/site-packages" type="simple" />
            <root url="jar://$USER_HOME$/PycharmProjects/new/venv/lib/python3.8/site-packages/setuptools-40.8.0-py3.8.egg!/" type="simple" />
            <root url="file://$USER_HOME$/PycharmProjects/new/venv/lib/python3.8/site-packages/pip-19.0.3-py3.8.egg" type="simple" />
            <root url="file://$USER_HOME$/Library/Caches/PyCharmCE2019.3/python_stubs/-1836912962" type="simple" />
            <root url="file://$APPLICATION_HOME_DIR$/plugins/python-ce/helpers/python-skeletons" type="simple" />
            <root url="file://$APPLICATION_HOME_DIR$/plugins/python-ce/helpers/typeshed/stdlib/3" type="simple" />
            <root url="file://$APPLICATION_HOME_DIR$/plugins/python-ce/helpers/typeshed/stdlib/2and3" type="simple" />
            <root url="file://$APPLICATION_HOME_DIR$/plugins/python-ce/helpers/typeshed/third_party/3" type="simple" />
            <root url="file://$APPLICATION_HOME_DIR$/plugins/python-ce/helpers/typeshed/third_party/2and3" type="simple" />
          </root>
        </classPath>
        <sourcePath>
          <root type="composite" />
        </sourcePath>
      </roots>
      <additional ASSOCIATED_PROJECT_PATH="$USER_HOME$/PycharmProjects/new" />
    </jdk>
    <jdk version="2">
      <name value="Python 3.8 (Upgrade)" />
      <type value="Python SDK" />
      <version value="Python 3.8.1" />
      <homePath value="$USER_HOME$/PycharmProjects/Upgrade/venv/bin/python" />
      <roots>
        <classPath>
          <root type="composite">
            <root url="file:///Library/Frameworks/Python.framework/Versions/3.8/lib/python3.8" type="simple" />
            <root url="file:///Library/Frameworks/Python.framework/Versions/3.8/lib/python3.8/lib-dynload" type="simple" />
            <root url="file://$USER_HOME$/PycharmProjects/Upgrade/venv/lib/python3.8/site-packages" type="simple" />
            <root url="jar://$USER_HOME$/PycharmProjects/Upgrade/venv/lib/python3.8/site-packages/setuptools-40.8.0-py3.8.egg!/" type="simple" />
            <root url="file://$USER_HOME$/PycharmProjects/Upgrade/venv/lib/python3.8/site-packages/pip-19.0.3-py3.8.egg" type="simple" />
            <root url="file://$USER_HOME$/Library/Caches/PyCharmCE2019.3/python_stubs/-1630806374" type="simple" />
            <root url="file://$APPLICATION_HOME_DIR$/plugins/python-ce/helpers/python-skeletons" type="simple" />
            <root url="file://$APPLICATION_HOME_DIR$/plugins/python-ce/helpers/typeshed/stdlib/3" type="simple" />
            <root url="file://$APPLICATION_HOME_DIR$/plugins/python-ce/helpers/typeshed/stdlib/2and3" type="simple" />
            <root url="file://$APPLICATION_HOME_DIR$/plugins/python-ce/helpers/typeshed/third_party/3" type="simple" />
            <root url="file://$APPLICATION_HOME_DIR$/plugins/python-ce/helpers/typeshed/third_party/2and3" type="simple" />
          </root>
        </classPath>
        <sourcePath>
          <root type="composite" />
        </sourcePath>
      </roots>
      <additional ASSOCIATED_PROJECT_PATH="$USER_HOME$/PycharmProjects/Upgrade" />
    </jdk>
    <jdk version="2">
      <name value="Python 3.8 (2)" />
      <type value="Python SDK" />
      <version value="Python 3.7.3" />
      <homePath value="/usr/bin/python3" />
      <roots>
        <classPath>
          <root type="composite" />
        </classPath>
        <sourcePath>
          <root type="composite" />
        </sourcePath>
      </roots>
      <additional />
    </jdk>
    <jdk version="2">
      <name value="Python 3.8 (venv)" />
      <type value="Python SDK" />
      <version value="Python 3.8.1" />
      <homePath value="$USER_HOME$/PycharmProjects/Imageclassifier1/venv/bin/python" />
      <roots>
        <classPath>
          <root type="composite">
            <root url="file:///Library/Frameworks/Python.framework/Versions/3.8/lib/python3.8" type="simple" />
            <root url="file:///Library/Frameworks/Python.framework/Versions/3.8/lib/python3.8/lib-dynload" type="simple" />
            <root url="file://$USER_HOME$/PycharmProjects/Imageclassifier1/venv/lib/python3.8/site-packages" type="simple" />
            <root url="jar://$USER_HOME$/PycharmProjects/Imageclassifier1/venv/lib/python3.8/site-packages/setuptools-40.8.0-py3.8.egg!/" type="simple" />
            <root url="file://$USER_HOME$/PycharmProjects/Imageclassifier1/venv/lib/python3.8/site-packages/pip-19.0.3-py3.8.egg" type="simple" />
            <root url="file://$USER_HOME$/Library/Caches/PyCharmCE2019.3/python_stubs/1216027889" type="simple" />
            <root url="file://$APPLICATION_HOME_DIR$/plugins/python-ce/helpers/python-skeletons" type="simple" />
            <root url="file://$APPLICATION_HOME_DIR$/plugins/python-ce/helpers/typeshed/stdlib/3" type="simple" />
            <root url="file://$APPLICATION_HOME_DIR$/plugins/python-ce/helpers/typeshed/stdlib/2and3" type="simple" />
            <root url="file://$APPLICATION_HOME_DIR$/plugins/python-ce/helpers/typeshed/third_party/3" type="simple" />
            <root url="file://$APPLICATION_HOME_DIR$/plugins/python-ce/helpers/typeshed/third_party/2and3" type="simple" />
          </root>
        </classPath>
        <sourcePath>
          <root type="composite" />
        </sourcePath>
      </roots>
      <additional />
    </jdk>
    <jdk version="2">
      <name value="Python 3.8 (theone)" />
      <type value="Python SDK" />
      <version value="Python 3.8.1" />
      <homePath value="$USER_HOME$/PycharmProjects/theone/venv/bin/python" />
      <roots>
        <classPath>
          <root type="composite">
            <root url="file:///Library/Frameworks/Python.framework/Versions/3.8/lib/python3.8" type="simple" />
            <root url="file:///Library/Frameworks/Python.framework/Versions/3.8/lib/python3.8/lib-dynload" type="simple" />
            <root url="file://$USER_HOME$/PycharmProjects/theone/venv/lib/python3.8/site-packages" type="simple" />
            <root url="jar://$USER_HOME$/PycharmProjects/theone/venv/lib/python3.8/site-packages/setuptools-40.8.0-py3.8.egg!/" type="simple" />
            <root url="file://$USER_HOME$/PycharmProjects/theone/venv/lib/python3.8/site-packages/pip-19.0.3-py3.8.egg" type="simple" />
            <root url="file://$USER_HOME$/Library/Caches/PyCharmCE2019.3/python_stubs/-27362831" type="simple" />
            <root url="file://$APPLICATION_HOME_DIR$/plugins/python-ce/helpers/python-skeletons" type="simple" />
            <root url="file://$APPLICATION_HOME_DIR$/plugins/python-ce/helpers/typeshed/stdlib/3" type="simple" />
            <root url="file://$APPLICATION_HOME_DIR$/plugins/python-ce/helpers/typeshed/stdlib/2and3" type="simple" />
            <root url="file://$APPLICATION_HOME_DIR$/plugins/python-ce/helpers/typeshed/third_party/3" type="simple" />
            <root url="file://$APPLICATION_HOME_DIR$/plugins/python-ce/helpers/typeshed/third_party/2and3" type="simple" />
          </root>
        </classPath>
        <sourcePath>
          <root type="composite" />
        </sourcePath>
      </roots>
      <additional ASSOCIATED_PROJECT_PATH="$USER_HOME$/PycharmProjects/theone" />
    </jdk>
    <jdk version="2">
      <name value="Python 3.8 (Imageclass)" />
      <type value="Python SDK" />
      <version value="Python 3.8.1" />
      <homePath value="$USER_HOME$/PycharmProjects/Imageclass/venv/bin/python" />
      <roots>
        <classPath>
          <root type="composite">
            <root url="file:///Library/Frameworks/Python.framework/Versions/3.8/lib/python3.8" type="simple" />
            <root url="file:///Library/Frameworks/Python.framework/Versions/3.8/lib/python3.8/lib-dynload" type="simple" />
            <root url="file://$USER_HOME$/PycharmProjects/Imageclass/venv/lib/python3.8/site-packages" type="simple" />
            <root url="jar://$USER_HOME$/PycharmProjects/Imageclass/venv/lib/python3.8/site-packages/setuptools-40.8.0-py3.8.egg!/" type="simple" />
            <root url="file://$USER_HOME$/PycharmProjects/Imageclass/venv/lib/python3.8/site-packages/pip-19.0.3-py3.8.egg" type="simple" />
            <root url="file://$USER_HOME$/Library/Caches/PyCharmCE2019.3/python_stubs/1063537465" type="simple" />
            <root url="file://$APPLICATION_HOME_DIR$/plugins/python-ce/helpers/python-skeletons" type="simple" />
            <root url="file://$APPLICATION_HOME_DIR$/plugins/python-ce/helpers/typeshed/stdlib/3" type="simple" />
            <root url="file://$APPLICATION_HOME_DIR$/plugins/python-ce/helpers/typeshed/stdlib/2and3" type="simple" />
            <root url="file://$APPLICATION_HOME_DIR$/plugins/python-ce/helpers/typeshed/third_party/3" type="simple" />
            <root url="file://$APPLICATION_HOME_DIR$/plugins/python-ce/helpers/typeshed/third_party/2and3" type="simple" />
          </root>
        </classPath>
        <sourcePath>
          <root type="composite" />
        </sourcePath>
      </roots>
      <additional ASSOCIATED_PROJECT_PATH="$USER_HOME$/PycharmProjects/Imageclass" />
    </jdk>
    <jdk version="2">
      <name value="Python 3.8 (Heads or tails)" />
      <type value="Python SDK" />
      <version value="Python 3.8.1" />
      <homePath value="$USER_HOME$/PycharmProjects/Heads or tails/venv/bin/python" />
      <roots>
        <classPath>
          <root type="composite">
            <root url="file:///Library/Frameworks/Python.framework/Versions/3.8/lib/python3.8" type="simple" />
            <root url="file:///Library/Frameworks/Python.framework/Versions/3.8/lib/python3.8/lib-dynload" type="simple" />
            <root url="file://$USER_HOME$/PycharmProjects/Heads or tails/venv/lib/python3.8/site-packages" type="simple" />
            <root url="jar://$USER_HOME$/PycharmProjects/Heads or tails/venv/lib/python3.8/site-packages/setuptools-40.8.0-py3.8.egg!/" type="simple" />
            <root url="file://$USER_HOME$/PycharmProjects/Heads or tails/venv/lib/python3.8/site-packages/pip-19.0.3-py3.8.egg" type="simple" />
            <root url="file://$USER_HOME$/Library/Caches/PyCharmCE2019.3/python_stubs/-1087994033" type="simple" />
            <root url="file://$APPLICATION_HOME_DIR$/plugins/python-ce/helpers/python-skeletons" type="simple" />
            <root url="file://$APPLICATION_HOME_DIR$/plugins/python-ce/helpers/typeshed/stdlib/3" type="simple" />
            <root url="file://$APPLICATION_HOME_DIR$/plugins/python-ce/helpers/typeshed/stdlib/2and3" type="simple" />
            <root url="file://$APPLICATION_HOME_DIR$/plugins/python-ce/helpers/typeshed/third_party/3" type="simple" />
            <root url="file://$APPLICATION_HOME_DIR$/plugins/python-ce/helpers/typeshed/third_party/2and3" type="simple" />
          </root>
        </classPath>
        <sourcePath>
          <root type="composite" />
        </sourcePath>
      </roots>
      <additional ASSOCIATED_PROJECT_PATH="$USER_HOME$/PycharmProjects/Heads or tails" />
    </jdk>
    <jdk version="2">
      <name value="Python 3.8 (sd)" />
      <type value="Python SDK" />
      <version value="Python 3.8.1" />
      <homePath value="$USER_HOME$/PycharmProjects/sd/venv/bin/python" />
      <roots>
        <classPath>
          <root type="composite">
            <root url="file:///Library/Frameworks/Python.framework/Versions/3.8/lib/python3.8" type="simple" />
            <root url="file:///Library/Frameworks/Python.framework/Versions/3.8/lib/python3.8/lib-dynload" type="simple" />
            <root url="file://$USER_HOME$/PycharmProjects/sd/venv/lib/python3.8/site-packages" type="simple" />
            <root url="jar://$USER_HOME$/PycharmProjects/sd/venv/lib/python3.8/site-packages/setuptools-40.8.0-py3.8.egg!/" type="simple" />
            <root url="file://$USER_HOME$/PycharmProjects/sd/venv/lib/python3.8/site-packages/pip-19.0.3-py3.8.egg" type="simple" />
            <root url="file://$USER_HOME$/Library/Caches/PyCharmCE2019.3/python_stubs/-1780001939" type="simple" />
            <root url="file://$APPLICATION_HOME_DIR$/plugins/python-ce/helpers/python-skeletons" type="simple" />
            <root url="file://$APPLICATION_HOME_DIR$/plugins/python-ce/helpers/typeshed/stdlib/3" type="simple" />
            <root url="file://$APPLICATION_HOME_DIR$/plugins/python-ce/helpers/typeshed/stdlib/2and3" type="simple" />
            <root url="file://$APPLICATION_HOME_DIR$/plugins/python-ce/helpers/typeshed/third_party/3" type="simple" />
            <root url="file://$APPLICATION_HOME_DIR$/plugins/python-ce/helpers/typeshed/third_party/2and3" type="simple" />
          </root>
        </classPath>
        <sourcePath>
          <root type="composite" />
        </sourcePath>
      </roots>
      <additional ASSOCIATED_PROJECT_PATH="$USER_HOME$/PycharmProjects/sd" />
    </jdk>
    <jdk version="2">
      <name value="Python 3.8 (messing around)" />
      <type value="Python SDK" />
      <version value="Python 3.8.1" />
      <homePath value="$USER_HOME$/PycharmProjects/messing around/venv/bin/python" />
      <roots>
        <classPath>
          <root type="composite">
            <root url="file:///Library/Frameworks/Python.framework/Versions/3.8/lib/python3.8" type="simple" />
            <root url="file:///Library/Frameworks/Python.framework/Versions/3.8/lib/python3.8/lib-dynload" type="simple" />
            <root url="file://$USER_HOME$/PycharmProjects/messing around/venv/lib/python3.8/site-packages" type="simple" />
            <root url="jar://$USER_HOME$/PycharmProjects/messing around/venv/lib/python3.8/site-packages/setuptools-40.8.0-py3.8.egg!/" type="simple" />
            <root url="file://$USER_HOME$/PycharmProjects/messing around/venv/lib/python3.8/site-packages/pip-19.0.3-py3.8.egg" type="simple" />
            <root url="file://$USER_HOME$/Library/Caches/PyCharmCE2019.3/python_stubs/-543095201" type="simple" />
            <root url="file://$APPLICATION_HOME_DIR$/plugins/python-ce/helpers/python-skeletons" type="simple" />
            <root url="file://$APPLICATION_HOME_DIR$/plugins/python-ce/helpers/typeshed/stdlib/3" type="simple" />
            <root url="file://$APPLICATION_HOME_DIR$/plugins/python-ce/helpers/typeshed/stdlib/2and3" type="simple" />
            <root url="file://$APPLICATION_HOME_DIR$/plugins/python-ce/helpers/typeshed/third_party/3" type="simple" />
            <root url="file://$APPLICATION_HOME_DIR$/plugins/python-ce/helpers/typeshed/third_party/2and3" type="simple" />
          </root>
        </classPath>
        <sourcePath>
          <root type="composite" />
        </sourcePath>
      </roots>
      <additional ASSOCIATED_PROJECT_PATH="$USER_HOME$/PycharmProjects/messing around" />
    </jdk>
    <jdk version="2">
      <name value="Python 3.8 (messin)" />
      <type value="Python SDK" />
      <version value="Python 3.8.1" />
      <homePath value="$USER_HOME$/PycharmProjects/messin/venv/bin/python" />
      <roots>
        <classPath>
          <root type="composite">
            <root url="file:///Library/Frameworks/Python.framework/Versions/3.8/lib/python3.8" type="simple" />
            <root url="file:///Library/Frameworks/Python.framework/Versions/3.8/lib/python3.8/lib-dynload" type="simple" />
            <root url="file://$USER_HOME$/PycharmProjects/messin/venv/lib/python3.8/site-packages" type="simple" />
            <root url="jar://$USER_HOME$/PycharmProjects/messin/venv/lib/python3.8/site-packages/setuptools-40.8.0-py3.8.egg!/" type="simple" />
            <root url="file://$USER_HOME$/PycharmProjects/messin/venv/lib/python3.8/site-packages/pip-19.0.3-py3.8.egg" type="simple" />
            <root url="file://$USER_HOME$/Library/Caches/PyCharmCE2019.3/python_stubs/193864377" type="simple" />
            <root url="file://$APPLICATION_HOME_DIR$/plugins/python-ce/helpers/python-skeletons" type="simple" />
            <root url="file://$APPLICATION_HOME_DIR$/plugins/python-ce/helpers/typeshed/stdlib/3" type="simple" />
            <root url="file://$APPLICATION_HOME_DIR$/plugins/python-ce/helpers/typeshed/stdlib/2and3" type="simple" />
            <root url="file://$APPLICATION_HOME_DIR$/plugins/python-ce/helpers/typeshed/third_party/3" type="simple" />
            <root url="file://$APPLICATION_HOME_DIR$/plugins/python-ce/helpers/typeshed/third_party/2and3" type="simple" />
          </root>
        </classPath>
        <sourcePath>
          <root type="composite" />
        </sourcePath>
      </roots>
      <additional ASSOCIATED_PROJECT_PATH="$USER_HOME$/PycharmProjects/messin" />
    </jdk>
    <jdk version="2">
      <name value="Python 3.8 (calculator)" />
      <type value="Python SDK" />
      <version value="Python 3.8.1" />
      <homePath value="$USER_HOME$/PycharmProjects/calculator/venv/bin/python" />
      <roots>
        <classPath>
          <root type="composite">
            <root url="file:///Library/Frameworks/Python.framework/Versions/3.8/lib/python3.8" type="simple" />
            <root url="file:///Library/Frameworks/Python.framework/Versions/3.8/lib/python3.8/lib-dynload" type="simple" />
            <root url="file://$USER_HOME$/PycharmProjects/calculator/venv/lib/python3.8/site-packages" type="simple" />
            <root url="jar://$USER_HOME$/PycharmProjects/calculator/venv/lib/python3.8/site-packages/setuptools-40.8.0-py3.8.egg!/" type="simple" />
            <root url="file://$USER_HOME$/PycharmProjects/calculator/venv/lib/python3.8/site-packages/pip-19.0.3-py3.8.egg" type="simple" />
            <root url="file://$USER_HOME$/Library/Caches/PyCharmCE2019.3/python_stubs/-1359360226" type="simple" />
            <root url="file://$APPLICATION_HOME_DIR$/plugins/python-ce/helpers/python-skeletons" type="simple" />
            <root url="file://$APPLICATION_HOME_DIR$/plugins/python-ce/helpers/typeshed/stdlib/3" type="simple" />
            <root url="file://$APPLICATION_HOME_DIR$/plugins/python-ce/helpers/typeshed/stdlib/2and3" type="simple" />
            <root url="file://$APPLICATION_HOME_DIR$/plugins/python-ce/helpers/typeshed/third_party/3" type="simple" />
            <root url="file://$APPLICATION_HOME_DIR$/plugins/python-ce/helpers/typeshed/third_party/2and3" type="simple" />
          </root>
        </classPath>
        <sourcePath>
          <root type="composite" />
        </sourcePath>
      </roots>
      <additional ASSOCIATED_PROJECT_PATH="$USER_HOME$/PycharmProjects/calculator" />
    </jdk>
    <jdk version="2">
      <name value="Python 3.8 (untitled2)" />
      <type value="Python SDK" />
      <version value="Python 3.8.1" />
      <homePath value="$USER_HOME$/PycharmProjects/untitled2/venv/bin/python" />
      <roots>
        <classPath>
          <root type="composite">
            <root url="file:///Library/Frameworks/Python.framework/Versions/3.8/lib/python3.8" type="simple" />
            <root url="file:///Library/Frameworks/Python.framework/Versions/3.8/lib/python3.8/lib-dynload" type="simple" />
            <root url="file://$USER_HOME$/PycharmProjects/untitled2/venv/lib/python3.8/site-packages" type="simple" />
            <root url="jar://$USER_HOME$/PycharmProjects/untitled2/venv/lib/python3.8/site-packages/setuptools-40.8.0-py3.8.egg!/" type="simple" />
            <root url="file://$USER_HOME$/PycharmProjects/untitled2/venv/lib/python3.8/site-packages/pip-19.0.3-py3.8.egg" type="simple" />
            <root url="file://$USER_HOME$/Library/Caches/PyCharmCE2019.3/python_stubs/-215085493" type="simple" />
            <root url="file://$APPLICATION_HOME_DIR$/plugins/python-ce/helpers/python-skeletons" type="simple" />
            <root url="file://$APPLICATION_HOME_DIR$/plugins/python-ce/helpers/typeshed/stdlib/3" type="simple" />
            <root url="file://$APPLICATION_HOME_DIR$/plugins/python-ce/helpers/typeshed/stdlib/2and3" type="simple" />
            <root url="file://$APPLICATION_HOME_DIR$/plugins/python-ce/helpers/typeshed/third_party/3" type="simple" />
            <root url="file://$APPLICATION_HOME_DIR$/plugins/python-ce/helpers/typeshed/third_party/2and3" type="simple" />
          </root>
        </classPath>
        <sourcePath>
          <root type="composite" />
        </sourcePath>
      </roots>
      <additional ASSOCIATED_PROJECT_PATH="$USER_HOME$/PycharmProjects/untitled2" />
    </jdk>
    <jdk version="2">
      <name value="Python 3.7 (examples)" />
      <type value="Python SDK" />
      <version value="Python 3.7.7" />
      <homePath value="$USER_HOME$/opt/anaconda3/envs/examples/bin/python" />
      <roots>
        <classPath>
          <root type="composite">
            <root url="file://$USER_HOME$/opt/anaconda3/envs/examples/lib/python3.7" type="simple" />
            <root url="file://$USER_HOME$/opt/anaconda3/envs/examples/lib/python3.7/lib-dynload" type="simple" />
            <root url="file://$USER_HOME$/opt/anaconda3/envs/examples/lib/python3.7/site-packages" type="simple" />
            <root url="file://$USER_HOME$/Library/Caches/PyCharmCE2019.3/python_stubs/1045832204" type="simple" />
            <root url="file://$APPLICATION_HOME_DIR$/plugins/python-ce/helpers/python-skeletons" type="simple" />
            <root url="file://$APPLICATION_HOME_DIR$/plugins/python-ce/helpers/typeshed/stdlib/3" type="simple" />
            <root url="file://$APPLICATION_HOME_DIR$/plugins/python-ce/helpers/typeshed/stdlib/2and3" type="simple" />
            <root url="file://$APPLICATION_HOME_DIR$/plugins/python-ce/helpers/typeshed/third_party/3" type="simple" />
            <root url="file://$APPLICATION_HOME_DIR$/plugins/python-ce/helpers/typeshed/third_party/2and3" type="simple" />
          </root>
        </classPath>
        <sourcePath>
          <root type="composite" />
        </sourcePath>
      </roots>
      <additional ASSOCIATED_PROJECT_PATH="$USER_HOME$/PycharmProjects/examples" />
    </jdk>
    <jdk version="2">
      <name value="Python 3.7 (Gpa Calculator)" />
      <type value="Python SDK" />
      <version value="Python 3.7.7" />
      <homePath value="$USER_HOME$/opt/anaconda3/envs/Gpa Calculator/bin/python" />
      <roots>
        <classPath>
          <root type="composite">
            <root url="file://$USER_HOME$/opt/anaconda3/envs/Gpa Calculator/lib/python3.7" type="simple" />
            <root url="file://$USER_HOME$/opt/anaconda3/envs/Gpa Calculator/lib/python3.7/lib-dynload" type="simple" />
            <root url="file://$USER_HOME$/opt/anaconda3/envs/Gpa Calculator/lib/python3.7/site-packages" type="simple" />
            <root url="file://$USER_HOME$/Library/Caches/PyCharmCE2019.3/python_stubs/-849811861" type="simple" />
            <root url="file://$APPLICATION_HOME_DIR$/plugins/python-ce/helpers/python-skeletons" type="simple" />
            <root url="file://$APPLICATION_HOME_DIR$/plugins/python-ce/helpers/typeshed/stdlib/3" type="simple" />
            <root url="file://$APPLICATION_HOME_DIR$/plugins/python-ce/helpers/typeshed/stdlib/2and3" type="simple" />
            <root url="file://$APPLICATION_HOME_DIR$/plugins/python-ce/helpers/typeshed/third_party/3" type="simple" />
            <root url="file://$APPLICATION_HOME_DIR$/plugins/python-ce/helpers/typeshed/third_party/2and3" type="simple" />
          </root>
        </classPath>
        <sourcePath>
          <root type="composite" />
        </sourcePath>
      </roots>
      <additional ASSOCIATED_PROJECT_PATH="$USER_HOME$/PycharmProjects/Gpa Calculator" />
    </jdk>
  </component>
</application>